Samsung Galaxy A51 64GB;Android;16140
Apple iPhone 11 128GB;IOS;56490
Xiaomi Redmi Note 9 Pro 6/128GB;Android;19250
Xiaomi Mi 10T 6/128GB;Android;35000
Apple iPhone SE (2020) 64GB;IOS;33450
Samsung Galaxy S20FE (Fan Edition) 128GB;Android;38770
Samsung Galaxy S10 8/128GB;Android;39989
Apple iPhone 7 32GB;IOS;24378
OnePlus Nord 8/128GB;Android;спецпредложение!;30890
Apple iPhone 8 64GB;IOS;33990
Apple iPhone SE (2020) 128GB;IOS;37179
Xiaomi Mi Note 10 Lite 6/128GB;Android;24990
Apple iPhone 11 Pro 256GB;IOS;86500
Xiaomi Mi 10T Pro 8/128GB;Android;50880
Xiaomi Redmi Note 9S 6/128GB;Android;16959
Samsung Galaxy Note 10 Lite 6/128GB;Android;31490
ASUS Rog Phone 3 12/128GB;Android;52980
HONOR 20 6/128GB;Android;24140
Sony Xperia 5 II;Android;66990
OnePlus 8 8/128GB;Android;41369